f_GHz,B_res_PF_T,B_res_FTF_T,dH_PF_mT,dH_FTF_mT,alpha_PF,PF_ok,FTF_ok,beide_ok,PF_status,dB_res_mT,ddH_mT,ddH_prozent
6.02914,2.5421921375169543,0.0,1.7961081689495408,0.0,0.004169544890266577,True,False,False,gut,nan,nan,nan
6.09913,2.5440411077867187,0.0,1.7061315832743824,0.0,0.003915219965357218,True,False,False,gut,nan,nan,nan
6.23911,2.549288024406877,0.0,2.3037570328592807,0.0,0.0051680364226396195,True,False,False,gut,nan,nan,nan
6.37909,2.554101672030373,0.0,1.9475746941130763,0.0,0.0042731380912960065,True,False,False,gut,nan,nan,nan
6.51907,2.559206731502559,0.0,2.127597922740335,0.0,0.004567888007092883,True,False,False,gut,nan,nan,nan
6.65905,2.5645251620364253,0.0,2.030998166942363,0.0,0.004268829311486978,True,False,False,gut,nan,nan,nan
6.79903,2.569563877806651,2.56956434,3.458296382484185,3.31283999,0.007119127766819733,True,True,True,gut,-0.0004621933489268315,0.14545639248418496,4.390685723525842
6.93901,2.5745127836490274,0.0,3.928443605999704,0.0,0.00792381895411737,True,False,False,gut,nan,nan,nan
7.07899,2.574289831347423,2.57449962,19.670063439576474,19.4009132,0.03889072113071031,True,True,True,gut,-0.20978865257692547,0.2691502395764722,1.3873070654038708
7.21897,2.5803617769481106,2.58489416,17.40583928919451,4.47354405,0.033746696572884004,True,True,True,gut,-4.532383051889521,12.93229523919451,289.08389175679423
7.35895,2.583509821427441,2.58399865,18.80491733393026,17.339798100000003,0.03576573141134996,True,True,True,gut,-0.4888285725588304,1.4651192339302561,8.44945959278647
7.49893,2.5881208267922684,2.59521579,18.404347219271944,6.04877848,0.034350467563677774,True,True,True,gut,-7.09496320773173,12.355568739271945,204.26551873448577
7.63891,2.592737859593134,2.59246339,18.367335160792397,17.052384699999998,0.03365319422416349,True,True,True,gut,0.27446959313426333,1.3149504607923994,7.711240884639435
7.77889,2.598356451846961,2.59889841,18.273839907567826,16.9433478,0.03287938760229438,True,True,True,gut,-0.5419581530388129,1.3304921075678244,7.852592789058041
7.91887,2.603978499041432,2.6095828,17.482338243478658,6.89405707,0.030899242980491258,True,True,True,gut,-5.604300958568231,10.58828117347866,153.58563275541118
8.05885,2.6091107317000892,2.61450979,17.155538940658364,6.549487859999999,0.029794961461115377,True,True,True,gut,-5.3990582999108305,10.606051080658364,161.9371057305596
8.19883,2.614340830433884,2.61913461,16.43314678329725,7.522945050000001,0.02805306947337491,True,True,True,gut,-4.79377956611593,8.91020173329725,118.4403405059731
8.33881,2.618891244866367,2.62430721,16.507873133740965,7.880965990000001,0.02770757888655819,True,True,True,gut,-5.415965133633183,8.626907143740965,109.46509799290433
8.47879,2.625195521894063,2.62867306,14.379852266505084,8.042742279999999,0.023737341600613256,True,True,True,gut,-3.4775381059373167,6.3371099865050855,78.7929013001407
8.61877,2.630735873834659,2.63365496,13.610641347764767,7.6541559,0.02210267476183679,True,True,True,gut,-2.9190861653409783,5.956485447764767,77.82027862490712
8.75875,2.6364989516370114,2.638628,12.490979787157503,7.17258743,0.019960246918762317,True,True,True,gut,-2.1290483629887724,5.318392357157503,74.14886760268466
8.89873,2.6407424643994446,2.6435296,13.026087322884953,7.47405768,0.020487902076080304,True,True,True,gut,-2.787135600555324,5.552029642884953,74.2840085077448
9.03871,2.646440804210198,2.64772224,11.139312904766319,8.48674548,0.017248982645775013,True,True,True,gut,-1.281435789801666,2.6525674247663193,31.25541388059065
9.17869,2.651745380852902,2.65237591,9.802417946415842,8.40808434,0.014947344624108034,True,True,True,gut,-0.6305291470978247,1.3943336064158416,16.58324952548991
9.31867,2.65726799493493,2.65713851,7.331221618078507,7.7958304,0.011011182229881398,True,True,True,gut,0.12948493493025737,-0.464608781921493,-5.959708691475549
9.45865,2.6571417466156944,2.65786775,17.187265236739833,15.7158289,0.025432506137985048,True,True,True,gut,-0.7260033843055069,1.471436336739833,9.362766330065053
9.59863,2.663512718366904,2.66484306,14.105405424352245,12.313488900000001,0.02056780075519186,True,True,True,gut,-1.3303416330958662,1.791916524352244,14.552467939060259
9.73861,2.6687627656840682,2.66957652,13.76212516448485,12.677880799999999,0.019778805677713823,True,True,True,gut,-0.8137543159318916,1.0842443644848512,8.552252396038076
9.87859,2.6736340326195154,2.67461837,14.223854980778407,12.9684091,0.02015273013336243,True,True,True,gut,-0.9843373804847566,1.2554458807784066,9.68080102268216
10.01857,2.6792843692969863,2.68075453,13.422359677586263,10.8421651,0.018751441950564822,True,True,True,gut,-1.4701607030138675,2.580194577586262,23.797779814165178
10.15855,2.6833516540389497,2.68513482,14.6715699702261,11.9805506,0.020214192677678742,True,True,True,gut,-1.7831659610503259,2.6910193702260994,22.461566751582346
10.29853,2.690940200645068,2.69184947,9.8875269410091,7.8176977800000005,0.013437670129928657,True,True,True,gut,-0.9092693549321851,2.069829161009099,26.47619822685316
10.43851,2.6958195584013778,2.6968229,9.852324384043797,7.57098058,0.013210270944149106,True,True,True,gut,-1.0033415986221428,2.2813438040437974,30.132738816823085
10.57849,2.7001310869310204,2.70100437,10.482985769998765,8.78745627,0.01386988469887168,True,True,True,gut,-0.8732830689797133,1.6955294999987647,19.294884070003622
10.71847,2.7052940532602223,2.7056514,9.111875524854065,8.41216708,0.011898343863536946,True,True,True,gut,-0.35734673977749765,0.6997084448540658,8.317814401447503
10.85845,2.7097797971142534,2.7098932,10.104102070402574,9.876353920000001,0.013023911103618302,True,True,True,gut,-0.11340288574634982,0.22774815040257224,2.3059942185888396
10.99843,2.714588901399277,2.71509799,10.24196601899513,9.32426348,0.013033593441665948,True,True,True,gut,-0.5090886007228512,0.9177025389951297,9.842091452730266
11.13841,2.7188299469784387,2.72003987,12.241568900589881,10.1291924,0.015382446582541589,True,True,True,gut,-1.209923021561199,2.11237650058988,20.854342746909218
11.27839,2.724425735132051,2.7252717,11.01860153622758,9.22143783,0.013673852921252162,True,True,True,gut,-0.8459648679490783,1.7971637062275807,19.488974922987477
11.41837,2.7296330986120165,2.73012992,9.80150685870892,8.88003546,0.012014349755800704,True,True,True,gut,-0.4968213879834593,0.9214713987089205,10.376888728200196
11.55835,2.73500219151987,2.73487118,8.48003825236582,8.69955243,0.010268653615792978,True,True,True,gut,0.1310115198700501,-0.21951417763418135,-2.5232812768297936
11.69833,2.739733719693718,2.73965675,8.397651686914157,8.565757300000001,0.010047211009596326,True,True,True,gut,0.0769696937181763,-0.16810561308584404,-1.9625306578070336
11.83831,2.7442072584997876,2.74456194,9.39074971092814,8.729172909999999,0.011102533483921023,True,True,True,gut,-0.3546815002124504,0.6615768009281418,7.578917358484789
11.97829,2.7491155131123532,2.74944033,9.251418112461291,8.62867921,0.010809983226935202,True,True,True,gut,-0.32481688764685046,0.6227389024612915,7.217082560440806
12.11827,2.754528490508406,2.75444357,8.04598860203637,8.14745811,0.009292879866181459,True,True,True,gut,0.08492050840613885,-0.10146950796363008,-1.245413067409193
12.25825,2.7590920650440856,2.75909182,8.397725253467565,8.398443449999998,0.00958836861912526,True,True,True,gut,0.0002450440854673275,-0.000718196532433879,-0.008551543350975105
12.39823,2.7637183683836977,2.76371798,8.529449989886347,8.529943470000001,0.009628815669783406,True,True,True,gut,0.0003883836976470434,-0.0004934801136542433,-0.005785268277449009
12.53821,2.76858364741604,2.76879338,8.760506891654847,8.38828606,0.009779242834095318,True,True,True,gut,-0.209732583960065,0.37222083165484676,4.437388388908219
12.67819,2.773758082100195,2.77375824,7.753962691490584,7.753292559999999,0.008560083191825326,True,True,True,gut,-0.00015789980478686516,0.0006701314905850353,0.008643185916165601
12.81817,2.7784964361017463,2.77829429,7.199119242825963,7.5194334,0.007860766108447962,True,True,True,gut,0.20214610174651426,-0.3203141571740362,-4.259817730070409
12.95815,2.7832586490195625,2.78303672,7.743529289359657,8.081563749999999,0.00836387390715013,True,True,True,gut,0.22192901956241684,-0.33803446064034226,-4.182785301178157
13.09813,2.787848190487962,2.787782,8.150458669218418,8.25327022,0.00870932079202257,True,True,True,gut,0.06619048796219218,-0.10281155078158122,-1.2457068294267146
13.23811,2.792709692438468,2.79261258,8.41241140307213,8.66717112,0.008894182823118367,True,True,True,gut,0.09711243846766138,-0.2547597169278699,-2.939364106242198
13.37809,2.797792414395939,2.79757059,7.674012264579111,8.09837828,0.008028601643679013,True,True,True,gut,0.22182439593931846,-0.4243660154208895,-5.240135750004623
13.51807,2.802342218499838,2.80210354,8.161479645322064,8.564787860000001,0.008450175818492606,True,True,True,gut,0.238678499838052,-0.40330821467793676,-4.708910731595595
13.65805,2.8067778165617066,2.80695404,9.563926367946822,9.16029987,0.009800744328682786,True,True,True,gut,-0.17622343829337694,0.4036264979468225,4.40625856876913
13.79803,2.811404743027954,2.81163665,9.65220549636576,9.071999400000001,0.009790863796006927,True,True,True,gut,-0.23190697204622523,0.5802060963657585,6.395570268289022
13.93801,2.8160161117299305,2.81637307,10.175269111814277,9.4513123,0.01021778280161001,True,True,True,gut,-0.3569582700695406,0.7239568118142774,7.659854936909421
14.07799,2.8214583314991826,2.82145824,9.094281861369721,9.09413941,0.009041475134405143,True,True,True,gut,9.149918245299205e-05,0.00014245136972057537,0.0015664084670170605
14.21797,2.8261306342470176,2.82613057,9.516779072736838,9.5166109,0.009368367705525427,True,True,True,gut,6.424701748386497e-05,0.0001681727368385566,0.001767149446433253
14.35795,2.8307020350383008,2.83062366,9.65342461586353,9.84775819,0.009410235826028441,True,True,True,gut,0.07837503830065984,-0.19433357413647023,-1.973378817666422
14.49793,2.8358974668943087,2.8356525,8.986421018131232,9.442619859999999,0.008675455719920155,True,True,True,gut,0.24496689430852925,-0.45619884186876725,-4.83127403869425
14.63791,2.8410550730918738,2.84076316,8.220938836653929,8.7184704,0.007860567091393636,True,True,True,gut,0.2919130918739299,-0.4975315633460706,-5.706638211974323
14.77789,2.8454014289933847,2.84545378,9.405157021062298,9.243332050000001,0.008907691247510183,True,True,True,gut,-0.05235100661549197,0.16182497106229654,1.7507211705360788
14.91787,2.8500928833246433,2.85024064,9.641606447906701,9.285986470000001,0.009045948617651466,True,True,True,gut,-0.14775667535671388,0.3556199779067004,3.8296413531894835
15.05785,2.854978156160782,2.85516413,9.944614431645542,9.451789889999999,0.009243501526804768,True,True,True,gut,-0.1859738392178123,0.49282454164554323,5.214086933597117
15.19783,2.8603807065522493,2.86018672,8.799778294564094,9.24745974,0.008104041989502452,True,True,True,gut,0.19398655224911465,-0.44768144543590616,-4.841128894018912
15.33781,2.86487988939926,2.86467592,9.191513623926063,9.726628100000001,0.008387551814277444,True,True,True,gut,0.20396939926037305,-0.5351144760739377,-5.501541444500563
15.47779,2.869660115984417,2.86982094,9.905738410270999,9.57301088,0.008957554091880407,True,True,True,gut,-0.16082401558303872,0.3327275302709989,3.4756831935304233
15.61777,2.874543239724345,2.87454306,9.238703736598296,9.23931313,0.008279489355296491,True,True,True,gut,0.00017972434473989551,-0.0006093934017030733,-0.006595656983681787
15.75775,2.878864190552779,2.87886418,9.90341705878703,9.90299464,0.008796347888740043,True,True,True,gut,1.0552779095007736e-05,0.00042241878703030977,0.0042655661482849175
15.89773,2.8836070897113952,2.88365366,10.329571555776898,10.142881899999999,0.009094079070906794,True,True,True,gut,-0.0465702886045527,0.1866896557768989,1.8405977474399944
16.03771,2.888901684380724,2.88884855,9.778287338020446,9.961214720000001,0.00853359393093458,True,True,True,gut,0.05313438072374055,-0.18292738197955494,-1.8363963343976077
16.17769,2.8937473199863075,2.89384075,9.89106317385399,9.62070625,0.008557324497147157,True,True,True,gut,-0.0934300136923305,0.27035692385399024,2.8101567268410284
16.31767,2.898610783809751,2.89861073,9.293664465893846,9.29349094,0.007971505999203678,True,True,True,gut,5.380975087732054e-05,0.00017352589384600492,0.0018671766612386122
16.45765,2.903729111683894,2.9034731,8.401247863050658,8.93331616,0.007144757783277779,True,True,True,gut,0.25601168389410844,-0.5320682969493422,-5.955999848429658
16.59763,2.90832781053539,2.90826703,9.404179394843528,9.57181889,0.007930240541188474,True,True,True,gut,0.06078053538960404,-0.1676394951564717,-1.7513859913460157
16.73761,2.912966108191607,2.91307071,10.346511564269445,10.0579726,0.00865191088668891,True,True,True,gut,-0.1046018083927791,0.2885389642694456,2.8687587026181163
16.87759,2.917653318457704,2.91769448,10.244143277648663,10.162568199999999,0.00849526138281856,True,True,True,gut,-0.041161542296386244,0.08157507764866345,0.8027014042440911
17.01757,2.922623275948276,2.92272016,10.26246291145032,9.974364620000001,0.008440449761277844,True,True,True,gut,-0.09688405172392223,0.2880982914503196,2.888387405375598
17.15755,2.9274569052323383,2.92745683,11.239640452362782,11.2400512,0.009168719360342767,True,True,True,gut,7.523233813699903e-05,-0.00041074763721837826,-0.0036543217633953325
17.29753,2.932091713192481,2.93223605,12.257331592108333,11.679569500000001,0.0099179833959488,True,True,True,gut,-0.14433680751935185,0.5777620921083315,4.946775581996678
17.43751,2.936720651159685,2.93680619,12.400392973589339,12.0752796,0.00995319500709988,True,True,True,gut,-0.08553884031492487,0.325113373589339,2.6923879558808643
17.57749,2.9417856851991524,2.94191193,12.310804614181116,11.8059604,0.009802596209458093,True,True,True,gut,-0.1262448008474415,0.5048442141811158,4.276180819487721
17.71747,2.9465122764752043,2.94666487,12.977285638741316,12.3729292,0.010251648148211475,True,True,True,gut,-0.1525935247959076,0.6043564387413163,4.884505754234141
17.85745,2.9507836739053976,2.95088049,14.38075310582606,13.9122873,0.011271292539397047,True,True,True,gut,-0.09681609460221452,0.46846580582606023,3.367280992149007
17.99743,2.955595102497105,2.95570697,13.95161291345173,13.461366100000001,0.010849893107493187,True,True,True,gut,-0.11186750289482461,0.49024681345172816,3.6418801019885203
18.13741,2.960579425965485,2.9607044,14.022607324107794,13.480068099999999,0.01082094118569489,True,True,True,gut,-0.12497403451483535,0.5425392241077951,4.024751359437087
18.27739,2.9651257431923783,2.96529797,15.170855290496979,14.2976726,0.011617359298324973,True,True,True,gut,-0.17222680762163378,0.8731826904969786,6.107166634218345
18.41737,2.969408312334809,2.96951634,15.686984850004883,14.9994379,0.011921293996029729,True,True,True,gut,-0.10802766519102391,0.687546950004883,4.583818104309648
18.55735,2.9742238588418433,2.97434331,15.075419356375635,14.3291669,0.011370118144839009,True,True,True,gut,-0.11945115815681362,0.7462524563756343,5.20792633363517
18.69733,2.978866482925149,2.97896682,15.690425735876309,15.009457000000001,0.011745369092011588,True,True,True,gut,-0.10033707485090915,0.6809687358763075,4.536931188625328
18.83731,2.9834459225868994,2.98345763,16.86170843549418,16.2328224,0.012528360017880574,True,True,True,gut,-0.011707413100747743,0.6288860354941797,3.8741632231138046
18.97729,2.9878904794630285,2.9878257,17.13582041373569,16.588391,0.012638113231033105,True,True,True,gut,0.0647794630284082,0.5474294137356885,3.3000754186207
19.11727,2.993064448508606,2.99297278,17.21423586405605,16.5293241,0.012602984719485623,True,True,True,gut,0.09166850860609088,0.68491176405605,4.143616278030691
19.25725,2.9980257197698674,2.99795384,17.79195619010513,17.2468129,0.01293126364777764,True,True,True,gut,0.07187976986733347,0.5451432901051305,3.1608349511644005
19.39723,3.0029286311904833,3.00293974,16.88785646680159,16.2875209,0.012185584008614673,True,True,True,gut,-0.011108809516713336,0.60033556680159,3.685862142479829
19.53721,3.0077319113997527,3.00775276,15.880322549181724,15.2655388,0.011376490512123881,True,True,True,gut,-0.02084860024709201,0.6147837491817238,4.0272653146165
19.67719,3.0125986900477897,3.01256641,15.74016594654435,15.0483771,0.011195867807204656,True,True,True,gut,0.03228004778987881,0.69178884654435,4.597099354616453
19.81717,3.017448290224646,3.01744086,15.578583530865686,14.951408899999999,0.011002664406101518,True,True,True,gut,0.007430224646221006,0.6271746308656869,4.19475271568345
19.95715,3.0222488798071763,3.02238049,14.682506660973099,13.8943428,0.01029705943125207,True,True,True,gut,-0.13161019282392772,0.7881638609730981,5.672552292096162
20.09713,3.026859388728866,3.02681709,14.642545410170184,14.167307000000001,0.010197508409105188,True,True,True,gut,0.04229872886574171,0.4752384101701832,3.3544724496348053
20.23711,3.031280553994287,3.0310869,15.391184059441384,14.8262275,0.010644740384576188,True,True,True,gut,0.19365399428705743,0.5649565594413843,3.810521317316791
20.37709,3.0362762627833146,3.03611135,15.483980090298346,15.0293305,0.010635354609606955,True,True,True,gut,0.1649127833145414,0.4546495902983452,3.025082123906618
20.51707,3.041914297715475,3.04177683,14.892306879414514,14.4009559,0.010159168676383083,True,True,True,gut,0.13746771547529235,0.49135097941451455,3.4119330885147328
20.65705,3.050121487462175,3.04949165,31.089428188141802,31.0451661,0.021064733449853268,True,True,True,gut,0.6298374621747094,0.04426208814180299,0.14257320446999636
20.79703,3.0468448964594472,3.04604096,42.02026138600298,43.8754657,0.02827932022008198,True,True,True,gut,0.8039364594472076,-1.855204313997021,-4.228341020200318
20.93701,3.0498937406527347,3.04990277,22.970849202618897,22.4662049,0.015355852245685373,True,True,True,gut,-0.009029347265432364,0.504644302618896,2.2462374257919104
21.07699,3.0571553809606877,3.0576971,18.46273406869614,17.6268852,0.012260239643961376,True,True,True,gut,-0.5417190393122162,0.8358488686961394,4.741897727320192
21.21697,3.062924774225332,3.06342308,17.419330615849553,16.678432,0.011491047876829003,True,True,True,gut,-0.49830577466813963,0.7408986158495523,4.442255817870362
21.35695,3.0683913697228884,3.06870252,16.920700945480515,16.2874005,0.011088955823190588,True,True,True,gut,-0.3111502771115937,0.6333004454805149,3.888284355017333
21.49693,3.0739423537672006,3.07447814,15.131360004695468,14.1067347,0.009851742596332362,True,True,True,gut,-0.5357862327994845,1.0246253046954674,7.263376865629064
21.63691,3.0792523267056384,3.07952744,14.237248487576299,13.7373997,0.009209633777186478,True,True,True,gut,-0.2751132943616952,0.49984878757629936,3.6385982681737024
21.77689,3.08349015683254,3.08379241,15.45719931446326,14.8625768,0.009934510748021423,True,True,True,gut,-0.3022531674599094,0.5946225144632606,4.000803645726228
21.91687,3.0881818433097337,3.08844238,14.721986076328585,14.167268199999999,0.00940154881586646,True,True,True,gut,-0.2605366902663775,0.5547178763285867,3.9154893413296628
22.05685,3.0933358625732392,3.09382194,14.683170821195116,13.7830113,0.009317253160698926,True,True,True,gut,-0.4860774267609891,0.9001595211951159,6.530935088148087
22.19683,3.0982942207682638,3.09864564,15.233991075834947,14.495477099999999,0.009605816262140802,True,True,True,gut,-0.35141923173620526,0.7385139758349482,5.0947890210177915
22.33681,3.1032404430807263,3.10356613,15.087721884626273,14.2737941,0.009453966396901017,True,True,True,gut,-0.3256869192735934,0.8139277846262729,5.702252526020906
22.47679,3.1080246530292612,3.10819925,14.365654716139318,13.964932,0.008945459836450419,True,True,True,gut,-0.17459697073896052,0.40072271613931854,2.869492784779178
22.61677,3.1133201012059053,3.11348159,13.516232097355568,13.1510482,0.00836443467229442,True,True,True,gut,-0.16148879409483285,0.36518389735556767,2.7768425132497625
22.75675,3.118085447188461,3.11829011,14.58815508486344,14.1054157,0.008972256225439389,True,True,True,gut,-0.2046628115386362,0.48273938486343937,3.422369075329268
22.89673,3.1228031429212746,3.12296563,14.897135251221208,14.543788699999999,0.009106276483569898,True,True,True,gut,-0.1624870787253485,0.3533465512212093,2.4295357867871754
23.03671,3.1277998062838783,3.12819316,14.376091860588422,13.5578363,0.00873437669821614,True,True,True,gut,-0.39335371612159165,0.8182555605884225,6.035296064080834
23.17669,3.1329943189239873,3.13328078,13.277723395950803,12.681682200000001,0.00801832655815033,True,True,True,gut,-0.2864610760129338,0.5960411959508018,4.700016815993084
23.31667,3.137815282138311,3.13801327,13.371821288813996,12.9672225,0.008026673024677439,True,True,True,gut,-0.19798786168889748,0.40459878881399547,3.1201653925040267
23.45665,3.1422471830115106,3.14255581,14.284404052569146,13.654046899999999,0.008523297998993337,True,True,True,gut,-0.3086269884895465,0.6303571525691467,4.616632396137051
23.59663,3.1469787974391457,3.14711401,14.617971318296139,14.2889016,0.008670590129383675,True,True,True,gut,-0.13521256085446964,0.32906971829613774,2.302974206891716
23.73661,3.151711988127151,3.1519797,15.170443185372081,14.478093600000001,0.008945221695151112,True,True,True,gut,-0.2677118728491301,0.6923495853720798,4.782049380949434
23.87659,3.1565973133172927,3.15689154,15.111897722112714,14.4234543,0.008858460194574052,True,True,True,gut,-0.2942266827075102,0.688443422112714,4.773082839890262
24.01657,3.1616386677176784,3.16183533,14.90845065349089,14.419670799999999,0.008688265105777514,True,True,True,gut,-0.19666228232173566,0.48877985349089137,3.3896741490859235
24.15655,3.166363666347491,3.16662299,15.243355925853647,14.6482808,0.008831962482916907,True,True,True,gut,-0.2593236525090248,0.5950751258536471,4.062422983137018
24.29653,3.1709206295381804,3.17112025,15.961141456598302,15.3610872,0.009194565866925571,True,True,True,gut,-0.19962046181953852,0.6000542565983018,3.90632673837241
24.43651,3.175880802983988,3.1761367,15.800761086906576,15.1807228,0.009050037115947181,True,True,True,gut,-0.2558970160118079,0.6200382869065759,4.0843792161633825
24.57649,3.180798691372591,3.18104028,15.5751331898942,14.9900188,0.008869996454794127,True,True,True,gut,-0.2415886274089729,0.5851143898941995,3.9033599470482288
24.71647,3.1856500305736564,3.18582339,15.949668389251547,15.465243,0.009031850647033395,True,True,True,gut,-0.1733594263435556,0.4844253892515482,3.132349030995169
24.85645,3.19016298172422,3.19026737,16.839399457328547,16.3662578,0.009481979909663325,True,True,True,gut,-0.10438827577985421,0.4731416573285472,2.8909581109528117
24.99643,3.194919025050137,3.1950788,16.876395410031346,16.3592291,0.009449595959964679,True,True,True,gut,-0.15977494986296747,0.5171663100313459,3.1613122285288244
25.13641,3.199948409890053,3.20008663,16.358428092799215,15.9413323,0.009108562698342227,True,True,True,gut,-0.13822010994690714,0.41709579279921627,2.616442496460702
25.27639,3.204500781685283,3.20452752,17.36840476735113,16.970832,0.009617372078119015,True,True,True,gut,-0.026738314717000833,0.3975727673511287,2.3426828298761584
25.41637,3.2090167980486823,3.208937,17.767485429902084,17.3740207,0.009784169734992937,True,True,True,gut,0.0797980486821892,0.39346472990208525,2.2646728508967717
25.55635,3.2139729788644744,3.21397025,17.269078898582187,16.9432745,0.009457620443960759,True,True,True,gut,0.0027288644743883594,0.3258043985821857,1.9229128264562183
25.69633,3.219072540362707,3.21910755,16.81008570313398,16.3503392,0.009156096494775577,True,True,True,gut,-0.03500963729274886,0.459746503133978,2.8118468828706504
25.83631,3.2236010820576917,3.22356027,17.544839763525694,17.288481299999997,0.009504525795088927,True,True,True,gut,0.04081205769157492,0.2563584635256966,1.482828127452101
25.97629,3.228216708602018,3.22808459,18.011380324054223,17.6487903,0.009704684187260185,True,True,True,gut,0.13211860201822745,0.3625900240542208,2.0544752240283617
26.11627,3.233097430814582,3.23304699,17.45785875261643,17.222548,0.009356024704549876,True,True,True,gut,0.050440814582053406,0.23531075261643153,1.3662946540571785
26.25625,3.2380824348552113,3.2380036,17.458395100033233,17.1478589,0.00930643081782493,True,True,True,gut,0.0788348552114293,0.31053620003323346,1.8109327925087688
26.39623,3.242692131535425,3.24261592,17.869625066035645,17.5181181,0.00947512767896268,True,True,True,gut,0.07621153542514136,0.3515069660356467,2.0065338298846536
26.53621,3.2470683624061776,3.24695474,17.757713869612736,17.5076014,0.009366119463784819,True,True,True,gut,0.11362240617751596,0.2501124696127377,1.4285935800019853
26.67619,3.2519738608374924,3.25180154,18.299077802457944,17.7476914,0.009601010308607829,True,True,True,gut,0.1723208374921903,0.5513864024579433,3.1068063447279872
26.81617,3.2570995368823974,3.25685722,18.80480344247981,18.4277643,0.009814848097879606,True,True,True,gut,0.24231688239728655,0.3770391424798092,2.0460384468875
26.95615,3.262006231412837,3.26181628,18.301529393200394,17.5802969,0.009502569478538902,True,True,True,gut,0.18995141283673078,0.7212324932003931,4.102504623800711
27.09613,3.2666922011233663,3.26658074,18.262720272128167,17.844430000000003,0.009433432238637142,True,True,True,gut,0.11146112336613001,0.4182902721281643,2.3440943315542397
27.23611,3.2714569066327233,3.27115119,18.291325792419606,17.976673299999998,0.009399649074448265,True,True,True,gut,0.3057166327233851,0.3146524924196079,1.7503377135946945
27.37609,3.2762858358000506,3.27601777,17.87190275020538,17.4298971,0.009137153206276396,True,True,True,gut,0.26806580005045433,0.4420056502053775,2.535905104140732
27.51607,3.2807065792636725,3.28041214,18.220701862882457,17.9296891,0.009268089750328282,True,True,True,gut,0.2944392636723414,0.29101276288245614,1.623077574069347
27.65605,3.2856181871459675,3.28538377,18.24856687185363,18.069067099999998,0.009235281677146987,True,True,True,gut,0.2344171459673916,0.17949977185363153,0.9934091829988919
27.79603,3.2902782127082983,3.28994524,18.10769323560157,17.7245679,0.009117838407428464,True,True,True,gut,0.3329727082981293,0.38312533560156936,2.1615496511007715
27.93601,3.295238572207155,3.29493443,17.822324209743787,17.4698116,0.008929178330137788,True,True,True,gut,0.30414220715480056,0.35251260974378695,2.017838645402375
28.07599,3.3000218074322474,3.29987535,17.8982036386041,17.3992251,0.008922486515884268,True,True,True,gut,0.14645743224717123,0.4989785386041028,2.867820467499457
28.21597,3.305306572169803,3.30484008,18.828521631946206,18.4946205,0.009339696657826455,True,True,True,gut,0.46649216980299,0.33390113194620596,1.8053959633624599
28.35595,3.3100413086032865,3.3097016,18.90639868456071,18.899435999999998,0.009332030385520194,True,True,True,gut,0.3397086032865815,0.006962684560711807,0.036840700223603536
28.49593,3.315203483707847,3.3147107,19.274257999017326,18.7628269,0.009466868990785582,True,True,True,gut,0.4927837078469999,0.5114310990173259,2.7257678266878105
28.63591,3.320372153440458,3.31996112,18.811774978538367,18.3243427,0.009194546652899533,True,True,True,gut,0.4110334404581195,0.48743227853836757,2.6600259912098654
28.77589,3.32551955405149,3.32493032,20.359471952638707,19.783046499999998,0.009902600975776313,True,True,True,gut,0.5892340514899175,0.5764254526387091,2.913734508174508
28.91587,3.3308452980126146,3.3299883,20.850509049938626,20.0108292,0.010092341398808016,True,True,True,gut,0.8569980126145182,0.8396798499386264,4.196127214651487
29.05585,3.336390895322862,3.33565825,21.85050874334937,21.2254469,0.010525421646143576,True,True,True,gut,0.7326453228619911,0.6250618433493678,2.94487011884479
29.19583,3.342280099099106,3.34128901,25.888081170796376,25.2281871,0.012410536888775147,True,True,True,gut,0.9910890991058352,0.6598940707963763,2.615701509508689
29.33581,3.349201425381792,3.34928698,33.42792329343336,34.5231198,0.015948610330030553,True,True,True,gut,-0.08555461820813903,-1.0951965065666442,-3.1723567073641012
29.47579,3.351924543503774,3.3508536,42.659118499651534,43.5041315,0.02025619912626287,True,True,True,gut,1.0709435037736803,-0.8450130003484659,-1.9423741405996484
29.61577,3.3495179680831155,3.3490359,38.77542050919818,39.8269418,0.01832504382896287,True,True,True,gut,0.4820680831154611,-1.0515212908018228,-2.6402260461831966
29.75575,3.3539791057826123,3.35334219,29.287238375616592,29.944157,0.013775870615173151,True,True,True,gut,0.6369157826124905,-0.6569186243834082,-2.193812383442313
29.89573,3.359322194196422,3.35889531,25.155438608280033,24.724579300000002,0.011776988902815031,True,True,True,gut,0.4268841964223391,0.4308593082800307,1.7426355492327048
30.03571,3.3647144054896527,3.36419516,22.37414519616692,21.855095000000002,0.010426056736886931,True,True,True,gut,0.5192454896527643,0.5190501961669192,2.374961976449515
30.17569,3.3699269025999707,3.36959895,21.602379005587736,20.5369938,0.010019727401406152,True,True,True,gut,0.327952599970871,1.0653852055877344,5.187639515125794
30.31567,3.3745080163582672,3.3740371,21.78942270433864,21.4649116,0.010059817162952638,True,True,True,gut,0.47091635826745915,0.32451110433864017,1.5118212941470497
30.45565,3.3797718074211573,3.37957593,21.749336656293558,21.813791600000002,0.009995158311351306,True,True,True,gut,0.19587742115723117,-0.06445494370644411,-0.2954779475680152
30.59563,3.384981717262032,3.38490439,21.205482273155862,20.753769,0.00970063777292674,True,True,True,gut,0.07732726203180107,0.45171327315586396,2.1765360940264102
30.73561,3.390083600611815,3.38975583,21.56502365631674,21.243250200000002,0.009820184253084544,True,True,True,gut,0.3277706118152146,0.3217734563167376,1.5147091583788697
30.87559,3.3950021609706154,3.39455558,22.52906748985623,21.836133099999998,0.010212674380069968,True,True,True,gut,0.4465809706153401,0.6929343898562337,3.173338368487201
31.01557,3.399389850005453,3.39910192,20.608236344287317,20.8957972,0.009299778264653922,True,True,True,gut,0.2879300054527967,-0.28756085571268386,-1.376165996254423
31.15555,3.404390565792493,3.40425659,20.5715625430592,20.158388600000002,0.009241519672957537,True,True,True,gut,0.13397579249296854,0.4131739430591992,2.04963775258901
31.29553,3.409400131175632,3.40914209,19.555692155998635,19.3639419,0.008745857874191543,True,True,True,gut,0.25804117563188456,0.1917502559986346,0.9902439130879369
31.43551,3.414173640603446,3.41365548,21.491529924073763,20.8890088,0.009568819371868908,True,True,True,gut,0.5181606034461161,0.602521124073764,2.8843930788796643
31.57549,3.4184361439128232,3.41800004,20.044474093181964,19.7744958,0.008884972780939753,True,True,True,gut,0.43610391282333794,0.2699782931819641,1.365285344883302
31.71547,3.4232788149013476,3.42284408,20.861942675880055,20.3525943,0.009206512144162847,True,True,True,gut,0.43473490134759984,0.5093483758800552,2.502621377757504
31.85545,3.4283228196764535,3.42804249,19.19475396485485,18.8286415,0.008433548361249673,True,True,True,gut,0.28032967645330586,0.3661124648548508,1.9444443979394415
31.99543,3.432816200325897,3.43258553,19.51086420907936,18.8944996,0.008534932474795615,True,True,True,gut,0.2306703258971865,0.616364609079362,3.262137776220133
32.13541,3.4371923986475,3.43701086,19.05453665776812,18.1308023,0.0082990060611925,True,True,True,gut,0.18153864749992366,0.9237343577681223,5.094834428634868
32.27539,3.442581410741496,3.44233038,18.661158428673307,17.9682479,0.008092424113809407,True,True,True,gut,0.2510307414960167,0.6929105286733055,3.85630548136697
32.41537,3.4469442064510165,3.4466052,20.054957934113467,19.642713,0.008659290441555145,True,True,True,gut,0.339006451016477,0.41224493411346685,2.098716883525544
32.55535,3.451976251028852,3.45144468,18.891020250774776,17.9310662,0.008121655785735937,True,True,True,gut,0.5315710288522624,0.9599540507747761,5.353580428891485
32.69533,3.4568137433450987,3.45646287,18.753031657371988,18.2867989,0.008027813896704069,True,True,True,gut,0.35087334509853463,0.4662327573719871,2.5495591651745406
32.83531,3.4617343476398017,3.46123482,18.922747773971132,18.1562865,0.008065933072363305,True,True,True,gut,0.4995276398016557,0.7664612739711316,4.221464967360652
32.97529,3.4665564192299567,3.46644408,19.507752783869247,18.220798300000002,0.008279996515047544,True,True,True,gut,0.11233922995668166,1.2869544838692448,7.063107020229979
33.11527,3.4721212010419658,3.47169395,19.018117370277,18.8620251,0.008038050998843456,True,True,True,gut,0.42725104196561503,0.156092270277,0.8275477815847038
33.25525,3.4765052242678847,3.4763761,17.60392566614309,16.8590752,0.007409021300718616,True,True,True,gut,0.1291242678846949,0.7448504661430917,4.418098011349351
33.39523,3.4810536177927887,3.48102838,19.4957552328768,19.1853051,0.008170848519990906,True,True,True,gut,0.02523779278851279,0.3104501328767988,1.6181662541128876
33.53521,3.486248295540327,3.48591031,19.467910652080718,19.5756266,0.0081251212098285,True,True,True,gut,0.337985540327157,-0.10771594791928152,-0.5502554279375227
33.67519,3.490713057542167,3.49047679,18.54951351619362,17.8422952,0.0077096383057293355,True,True,True,gut,0.23626754216676815,0.7072183161936216,3.9637182787650644
33.81517,3.4963002816660285,3.49588832,20.081384926050994,19.3925119,0.008311771972543128,True,True,True,gut,0.4119616660283043,0.6888730260509952,3.5522630054490016
33.95515,3.50084272996985,3.50067183,18.83262461299207,17.939119,0.007762770214063334,True,True,True,gut,0.17089996984998024,0.8935056129920689,4.980766407715278
34.09513,3.5047615539315253,3.50470197,19.617815077111686,19.0174744,0.008053224759608572,True,True,True,gut,0.0595839315251645,0.600340677111685,3.1567844629867623
34.23511,3.510930124240206,3.51055272,19.343692505514177,18.2929082,0.007908228086345783,True,True,True,gut,0.37740424020560326,1.0507843055141777,5.744216797163928
34.37509,3.515044545778387,3.51489653,18.562357699969407,17.8359871,0.007557894542791116,True,True,True,gut,0.1480157783868563,0.7263705999694068,4.072500141970874
34.51507,3.5198807714554157,3.51960315,20.118939093454056,19.8015802,0.008158453671930748,True,True,True,gut,0.2776214554156553,0.3173588934540561,1.6026947862173953
34.65505,3.524341058056968,3.52384258,20.648977986970326,20.1287692,0.008339568223456351,True,True,True,gut,0.4984780569676772,0.5202087869703256,2.584404350815079
34.79503,3.529297688698491,3.52898814,19.905218780463027,19.6895157,0.008006842291217378,True,True,True,gut,0.30954869849075806,0.215703080463026,1.0955225296020155
34.93501,3.533931596615269,3.53367541,20.23491282373612,19.968279,0.008106847437988975,True,True,True,gut,0.25618661526927156,0.26663382373612166,1.3352869505485259
35.07499,3.5385577350453374,3.53799947,21.29581008835427,21.049808,0.008497832053304146,True,True,True,gut,0.5582650453375138,0.2460020883542704,1.168666661255392
35.21497,3.5438103304042423,3.54312924,21.491475989336276,20.975113699999998,0.008541820770223058,True,True,True,gut,0.6810904042424681,0.5163622893362785,2.4617854125686027
35.35495,3.549323397544876,3.54865791,22.236401580449485,21.974731300000002,0.008802900957504944,True,True,True,gut,0.6654875448757203,0.2616702804494828,1.1907780663032854
35.49493,3.554150864438269,3.55356809,22.350092965508466,21.3391551,0.008813015709030028,True,True,True,gut,0.5827744382687072,1.0109378655084669,4.737478408920075
35.63491,3.5588752062298057,3.55817523,22.550147045154716,21.7348812,0.008856971480546082,True,True,True,gut,0.6999762298058876,0.8152658451547161,3.750956067589254
35.77489,3.5631495182894652,3.56273573,21.813705666457956,20.791468000000002,0.008534197244441894,True,True,True,gut,0.4137882894652556,1.0222376664579542,4.916620925746821
35.91487,3.568979905473091,3.5682889,23.52776486217839,23.3872161,0.00916891415759384,True,True,True,gut,0.6910054730906445,0.14054876217839052,0.6009640547956904
36.05485,3.572127919675864,3.57110926,24.31844817258134,22.6821629,0.009440254426164233,True,True,True,gut,1.0186596758638977,1.6362852725813397,7.213973728146268
36.19483,3.5764157926898195,3.57571888,22.2335010303048,21.138688900000002,0.008597513136468388,True,True,True,gut,0.6969126898193068,1.094812130304799,5.179186540300515
36.33481,3.5818605072806617,3.58045334,25.549173571334308,24.278042,0.00984159519308713,True,True,True,gut,1.407167280661703,1.2711315713343083,5.235725234079043
36.47479,3.5861192845404593,3.58532704,23.377327478367487,22.274343299999998,0.00897043688362545,True,True,True,gut,0.7922445404591194,1.102984178367489,4.951814576582777
36.61477,3.590736137761894,3.58961652,23.748382325185624,22.0789895,0.009077980718230879,True,True,True,gut,1.119617761894176,1.669392825185625,7.561001943434165
36.75475,3.5949975067618,3.59433788,22.68908159812714,21.117117500000003,0.008640024585026523,True,True,True,gut,0.6596267617999807,1.5719640981271361,7.444027804112639
36.89473,3.600167292647609,3.60018313,19.635069929690783,17.5143978,0.007448685713142605,True,True,True,gut,-0.015837352390857262,2.1206721296907816,12.108164687744967
37.03471,3.6043892464499963,3.60462873,17.29881543631733,15.326105,0.006537609126653439,True,True,True,gut,-0.23948355000369403,1.97271043631733,12.871570671852567
37.17469,3.610019254691038,3.6098987,16.38800980965365,13.9826199,0.006170074301930007,True,True,True,gut,0.12055469103788852,2.4053899096536497,17.20271255927975
37.31467,3.615318072775825,3.615884,15.011183752141125,12.6337393,0.005630498801251479,True,True,True,gut,-0.5659272241747004,2.377444452141125,18.818216805701578
37.45465,3.6200316477147156,3.62188962,15.917444765441415,14.7442282,0.005948112072333626,True,True,True,gut,-1.8579722852845038,1.1732165654414146,7.957124303335285
37.59463,3.6260529267288613,3.62657034,14.332301422660747,14.0038973,0.005335825923332497,True,True,True,gut,-0.5174132711385226,0.32840412266074637,2.3450909102335844
37.73461,3.630790647817616,3.63132549,16.701300313132123,15.543922700000001,0.006194723890792337,True,True,True,gut,-0.5348421823838656,1.1573776131321214,7.445852861402362
37.87459,3.6359327869403213,3.63619391,18.41919473626471,16.7548622,0.006806662757588682,True,True,True,gut,-0.2611230596785141,1.664332536264709,9.933430167302175
38.01457,3.641772933503216,3.64167311,16.137213743425658,16.7328954,0.005941416574674743,True,True,True,gut,0.09982350321591227,-0.5956816565743424,-3.5599437057040486
38.15455,3.646162630347828,3.64627776,20.309331745418383,20.1042571,0.007450078215337378,True,True,True,gut,-0.11512965217175264,0.2050746454183816,1.020055823989545
38.29453,3.6512356091390252,3.65018275,20.78985428746265,20.4560557,0.007598471451950905,True,True,True,gut,1.0528591390253084,0.333798587462649,1.6317837238908623
38.43451,3.6551302246700486,3.65433144,22.16105489127171,22.3376807,0.008070131568999812,True,True,True,gut,0.798784670048569,-0.17662580872828926,-0.7907079123406454
38.57449,3.6589136067401427,3.65778554,21.28052161416116,19.5309334,0.007721356602814079,True,True,True,gut,1.1280667401427635,1.749588214161161,8.958036865566092
38.71447,3.664688300631576,3.66399355,21.328934029863966,18.356684,0.007710940769439032,True,True,True,gut,0.694750631576202,2.9722500298639645,16.191650027117994
38.85445,3.671148661926296,3.6684568,27.834186159196022,27.9705051,0.010026498568865387,True,True,True,gut,2.691861926296113,-0.136318940803978,-0.4873667469236299
38.99443,3.674633204671587,3.67320461,24.26942326695396,25.7576269,0.008711008026265248,True,True,True,gut,1.428594671586847,-1.4882036330460409,-5.7777202799922565
39.13441,3.6780564268784492,3.6771525,21.042557207594243,19.0435311,0.0075257755243855005,True,True,True,gut,0.9039268784492016,1.9990261075942435,10.497139932174887
39.27439,3.6822240761158507,3.68090345,19.657700109292055,13.8273179,0.0070054298940886075,True,True,True,gut,1.3206261158504873,5.830382209292054,42.165677042053495
39.41437,3.6883572294910554,3.68694305,25.117014391126972,21.3876287,0.008919180636312944,True,True,True,gut,1.4141794910553784,3.7293856911269714,17.437116304188372
39.55435,3.693452766200396,3.6927202,27.62214719869541,18.6626613,0.009774053627226248,True,True,True,gut,0.7325662003960787,8.959485898695409,48.007547019542216
39.69433,3.696480721605999,3.6970368,26.1899723087316,18.86476,0.009234600194198217,True,True,True,gut,-0.5560783940006253,7.325212308731601,38.83013782699383
39.83431,3.701271201398514,3.70143634,23.246139068579886,18.167374900000002,0.008167799477917568,True,True,True,gut,-0.16513860148581472,5.078764168579884,27.955410159889876
39.97429,3.7057739268152434,3.70580921,20.191311591915877,17.0958526,0.00706960756011363,True,True,True,gut,-0.035283184756540464,3.0954589919158764,18.10649088022598
40.11427,3.7097130941464256,3.7082703,25.644729928208395,23.608344900000002,0.008947686736280184,True,True,True,gut,1.4427941464254523,2.036385028208393,8.62570009390363
40.25425,3.7148973967750996,3.71452766,20.792693674585813,18.4833684,0.007229538091718165,True,True,True,gut,0.3697367750996605,2.309325274585813,12.494071559953396
40.39423,3.7212180377583746,3.72236834,19.271588928492395,16.1484731,0.006677435839617569,True,True,True,gut,-1.1503022416254893,3.123115828492395,19.34000700346335
40.53421,3.725221281564605,3.72524973,19.99156220445573,16.8800611,0.006902979025364968,True,True,True,gut,-0.02844843539495656,3.11150110445573,18.43299669368928
40.67419,3.7293448045286715,3.7293554,20.004108249424004,17.7491166,0.006883539634303757,True,True,True,gut,-0.010595471328755934,2.254991649424003,12.704810612512416
40.81417,3.734756993691298,3.73624568,19.137270218796598,16.6772105,0.006562669816737756,True,True,True,gut,-1.4886863087020252,2.4600597187965967,14.751026370966514
40.95415,3.74126396478881,3.74383375,16.086294225395577,12.563431999999999,0.005497555540288855,True,True,True,gut,-2.569785211189668,3.5228622253955777,28.040604075348025
41.09413,3.7450346960472847,3.74641783,18.141605984410564,15.3029518,0.006178847466709013,True,True,True,gut,-1.3831339527152764,2.8386541844105633,18.54971656128828
41.23411,3.751629281377004,3.75169105,19.12399596357991,18.8770634,0.0064913279764431215,True,True,True,gut,-0.06176862299600572,0.2469325635799109,1.308108991041005
41.37409,3.756014077823465,3.75575942,21.308397954804004,19.2538034,0.007208317020470622,True,True,True,gut,0.25465782346500987,2.054594554804005,10.671110076900469
41.51407,3.757046260425465,3.75696358,23.469957544931148,22.5639168,0.007912769686021073,True,True,True,gut,0.08268042546522025,0.906040744931147,4.015440904883796
41.65405,3.764336400162195,3.76485721,17.66033999006167,16.192547,0.00593407950263357,True,True,True,gut,-0.520809837805114,1.4677929900616675,9.064620841067605
41.79403,3.76808069111951,3.76859178,16.882368874339935,16.9017297,0.005653672785590933,True,True,True,gut,-0.5110888804900071,-0.019360825660065473,-0.11454937455345456
41.93401,3.7735304553757354,3.77199836,20.150276367043123,20.9660749,0.00672552431154323,True,True,True,gut,1.5320953757353983,-0.815798532956876,-3.89104082117381
42.07399,3.7803280627758094,3.78253126,22.009496559395746,21.3273832,0.00732163279388764,True,True,True,gut,-2.2031972241904896,0.6821133593957462,3.1982984175749527
42.21397,3.7856311224769987,3.78573668,17.215988979645648,17.2954153,0.005708044013000653,True,True,True,gut,-0.10555752300112076,-0.07942632035435082,-0.45923338050373863
42.35395,3.7872930760909815,3.78614734,18.61814294566954,19.7167948,0.006152533331178553,True,True,True,gut,1.145736090981675,-1.098651854330459,-5.57216254200941
42.49393,3.7945535178894803,3.79268726,24.654779599802374,24.832274,0.00812055590845931,True,True,True,gut,1.8662578894801385,-0.1774944001976273,-0.714773041718319
42.63391,3.7986149420211786,3.79765785,22.541975765253923,22.888491100000003,0.007400283350666725,True,True,True,gut,0.9570920211787737,-0.3465153347460799,-1.513928258670052
42.77389,3.8042281299616167,3.80274476,23.630335970709115,24.479822,0.0077321929422454316,True,True,True,gut,1.4833699616167983,-0.8494860292908832,-3.4701479009564826
42.91387,3.8070641735592257,3.80664012,25.327671129161608,29.1494597,0.008260552800324165,True,True,True,gut,0.4240535592257011,-3.821788570838393,-13.111009981562002
43.05385,3.8126601282323307,3.8102157,24.08629019670953,16.7072593,0.007830138707712129,True,True,True,gut,2.4444282323305977,7.37903089670953,44.16661502769356
43.19383,3.816724181061658,3.81565756,18.09062943088946,17.677370500000002,0.005861968728348365,True,True,True,gut,1.0666210616578908,0.41325893088945875,2.3377850845489645
43.33381,3.822982321715374,3.82235188,21.957695178839952,14.9871214,0.007092043836970966,True,True,True,gut,0.6304417153741859,6.970573778839952,46.51042446910421
43.47379,3.826618334045305,3.8265167,18.514496567208766,16.0907253,0.005960681803484517,True,True,True,gut,0.1016340453050546,2.4237712672087675,15.063157328332288
43.61377,3.832233906086627,3.83092107,27.479878119814888,27.216291000000002,0.008818662207234443,True,True,True,gut,1.3128360866270228,0.26358711981488625,0.9684902318794512
43.75375,3.8362444011783485,3.83455385,23.888208041428808,22.8376619,0.007641521264727227,True,True,True,gut,1.6905511783487093,1.050546141428807,4.600059962481566
43.89373,3.841225687456962,3.84303452,20.72260924845756,10.9347634,0.006607748189403129,True,True,True,gut,-1.8088325430376528,9.78784584845756,89.51127235599408
44.03371,3.846249085265673,3.84203105,27.534653374159298,21.408467899999998,0.008751971003368216,True,True,True,gut,4.2180352656728815,6.1261854741593,28.615711795795068
44.17369,3.8518890431796597,3.85083851,26.21195277438503,22.591531200000002,0.008305145246137484,True,True,True,gut,1.0505331796597517,3.620421574385027,16.025569680664347
44.31367,3.856166811623912,3.85825179,23.20246137737411,18.9865078,0.0073283781902170105,True,True,True,gut,-2.08497837608812,4.215953577374112,22.204997473912037
44.45365,3.859875547915372,3.85772855,19.960210972774128,15.733027100000001,0.006284478370658132,True,True,True,gut,2.1469979153718732,4.227183872774127,26.86821706913685
44.59363,3.867278472077591,3.86782716,20.591413173537273,18.268640400000002,0.006462861680766716,True,True,True,gut,-0.5486879224090302,2.3227727735372703,12.714535524697668
44.73361,3.871192220787859,3.86931134,28.088254849315387,15.380686899999999,0.008788248811994569,True,True,True,gut,1.880880787858974,12.707567949315388,82.6202888852473
44.87359,3.871747591312591,3.87519774,20.92126860508952,23.094240799999998,0.006525423973201542,True,True,True,gut,-3.450148687409005,-2.1729721949104785,-9.409151890849248
45.01357,3.879660406926616,3.87810851,22.79151267171475,18.5087198,0.0070866539581814795,True,True,True,gut,1.5518969266157256,4.282792871714747,23.13932523693371
45.15355,3.884641869413376,3.88583201,19.270644684548465,17.8361567,0.005973321327918368,True,True,True,gut,-1.1901405866239223,1.4344879845484648,8.042584558300414
45.29353,3.8900408487015907,3.88976681,21.36795588065299,22.5714632,0.006602955090319986,True,True,True,gut,0.27403870159092847,-1.2035073193470112,-5.331986272591363
45.43351,3.8956229262440463,3.8930554,27.17669031534621,27.631823999999998,0.008372049934914593,True,True,True,gut,2.5675262440461033,-0.4551336846537879,-1.647135870052545
45.57349,3.9007150176344583,3.89966924,24.097254928385215,31.512103299999996,0.007400598077332173,True,True,True,gut,1.0457776344581227,-7.414848371614781,-23.530160145212463
45.71347,3.9040949843249977,3.90257275,24.280621987816147,13.229050399999998,0.007434078680745353,True,True,True,gut,1.522234324997651,11.051571587816149,83.54017298033841
45.85345,3.909658725198722,3.90851359,21.650246397702183,19.5541092,0.006608491873440994,True,True,True,gut,1.145135198721725,2.096137197702184,10.719676239213106
45.99343,3.9133981047895334,3.91317858,22.782965254018613,18.2996072,0.006933076360268408,True,True,True,gut,0.21952478953357613,4.483358054018613,24.499750213319402
46.13341,3.920291043337677,3.91840531,31.54573491001028,29.4982586,0.009570544053852777,True,True,True,gut,1.8857333376773866,2.047476310010282,6.941007392247493
46.27339,3.9226365308613005,3.92141742,21.85356072233021,14.7074801,0.006610014714341928,True,True,True,gut,1.219110861300443,7.146080622330212,48.588069293598515
46.41337,3.927109575812291,3.92419243,22.45482784514092,20.5394997,0.006771395197343035,True,True,True,gut,2.9171458122907445,1.9153281451409185,9.325096390448685
46.55335,3.935606701653457,3.92998622,32.41267708665895,20.2492533,0.009744857627145494,True,True,True,gut,5.620481653457077,12.163423786658953,60.068505275001684
46.69333,3.938754207738616,3.92898001,32.687379246301,54.2374801,0.009797985419541673,True,True,True,gut,9.774197738615875,-21.550100853699,-39.73285782076553
46.83331,3.9444846560177274,3.94075904,30.174778318586295,32.339266800000004,0.009017803535505001,True,True,True,gut,3.7256160177272513,-2.1644884814137093,-6.6930660326959215
46.97329,3.946262138606587,3.94603908,28.90534160000937,31.756574500000003,0.008612686938523325,True,True,True,gut,0.2230586065872231,-2.8512328999906345,-8.978401936867069
47.11327,3.9516690851044283,3.94855015,27.550048271315912,28.827265099999998,0.008184471675224977,True,True,True,gut,3.1189351044282887,-1.277216828684086,-4.430586197662178
47.25325,3.9581264532712797,3.95704486,30.74975500061261,18.857516500000003,0.009107968297979574,True,True,True,gut,1.0815932712797682,11.892238500612606,63.063651571576806
47.39323,3.9633930639812176,3.95959641,30.730683204973655,48.9464042,0.009075434813225565,True,True,True,gut,3.796653981217535,-18.21572099502635,-37.2156469770385
47.53321,3.96240407315553,3.95654887,21.066449597758453,23.3614347,0.006203056530041177,True,True,True,gut,5.855203155529676,-2.2949851022415473,-9.823819177687522
47.67319,3.9708003466013806,3.96976173,18.539621176986604,15.4407859,0.0054429980283277985,True,True,True,gut,1.0386166013804932,3.0988352769866037,20.06915513922516
47.81317,3.9729907838403244,3.97598766,27.57127395434056,15.754897699999999,0.00807087887502454,True,True,True,gut,-2.9968761596754767,11.81637625434056,75.00128835708378
47.95315,3.9789775778458485,3.97823008,25.24175452505195,16.9348389,0.007367394616731457,True,True,True,gut,0.7474978458485992,8.30691562505195,49.05222703389254
48.09313,3.9833427974348092,3.98260152,21.769805269884177,12.4064893,0.006335531227736646,True,True,True,gut,0.7412774348094509,9.363315969884177,75.47111631236547
48.23311,3.9919337316152674,3.9924088,16.056193437680296,12.486797900000001,0.0046591732573833785,True,True,True,gut,-0.4750683847327686,3.569395537680295,28.585355238914335
48.37309,3.9947444941958183,3.99364578,25.960111762331675,26.798883,0.0075112853658107015,True,True,True,gut,1.0987141958183066,-0.8387712376683254,-3.129873874475759
48.51307,4.0051213479155985,4.00533494,31.764107431128224,34.899811500000006,0.009164091822146062,True,True,True,gut,-0.213592084401526,-3.1357040688717817,-8.984873940857192
48.65305,4.005537539870516,4.00565352,24.430866399978832,6.0033185300000005,0.007028138839067355,True,True,True,gut,-0.11598012948432768,18.42754786997883,306.9560240372391
48.79303,4.011498679370317,4.0083942,27.00124474428826,27.2689402,0.007745287293112576,True,True,True,gut,3.1044793703172147,-0.26769545571173836,-0.9816863205843928
48.93301,4.0167051104705696,4.0148218,26.837545206286915,24.2094814,0.007676308005991622,True,True,True,gut,1.8833104705695547,2.6280638062869137,10.855514675696083
49.07299,4.019663986877077,4.0199884,19.290314737390055,18.0089229,0.005501844703652121,True,True,True,gut,-0.3244131229225289,1.2813918373900535,7.115316360147521
49.21297,4.027249803116954,4.02421858,29.07392116828504,24.6323007,0.008268668242796923,True,True,True,gut,3.031223116953363,4.441620468285041,18.03169148663828
49.35295,4.031332050612258,4.02919895,19.625921919668656,13.3795058,0.0055658113740359606,True,True,True,gut,2.133100612258687,6.246416119668655,46.68644876007793
49.49293,4.035435591946743,4.03511845,21.97018110191599,15.5986099,0.006213009336499235,True,True,True,gut,0.3171419467431491,6.371571201915991,40.847044978770775
49.63291,4.038916357404913,4.03664689,25.327682331133555,30.935245100000003,0.007142286152208089,True,True,True,gut,2.2694674049130725,-5.6075627688664476,-18.126776596531467
49.77289,4.044235715084746,4.0400662,29.707116727144506,24.199237500000002,0.008353705848954689,True,True,True,gut,4.169515084745612,5.507879227144503,22.76054866251262
49.91287,4.050274733924975,4.04910662,30.466754364904574,23.8406856,0.008543290673520526,True,True,True,gut,1.1681139249750672,6.6260687649045735,27.79311331929386
